Customer_ID,First_Name,Last_Name,Producer_Code,Email,Phone,Address,City,State,Country,Postal_Code
1001,John,Smith,Joseph-Brown,johnsmith@example.com,555-123-4567,123 Main St,Anytown,CA,USA,12345
1002,Jane,Doe,Klein-Jackson,janedoe@example.com,555-234-5678,456 Oak Ave,Somewhere,NY,USA,67890
1003,Bob,Johnson,Frank-Haas,bobjohnson@example.com,555-345-6789,789 Maple Rd,Anytown,CA,USA,12345
1004,Sarah,Lee,Walker-Long,sarahlee@example.com,555-456-7890,1010 Pine St,Somewhere,NY,USA,67890
1005,Michael,Brown,Burton Group,michaelbrown@example.com,555-567-8901,1313 Mockingbird Ln,Anytown,CA,USA,12345
1006,Emily,Davis,Goodman,emilydavis@example.com,555-678-9012,1414 Elm St,Somewhere,NY,USA,67890
1007,David,Kim,Rodriguez,davidkim@example.com,555-789-0123,1616 Chestnut St,Anytown,CA,USA,12345
1008,Jessica,Chen,Leon Ltd,jessicachen@example.com,555-890-1234,1717 Oak St,Somewhere,NY,USA,67890
1009,William,Johnson,Brown,williamjohnson@example.com,555-901-2345,1919 Maple St,Anytown,CA,USA,12345
1010,Samantha,Lee,Wolfe,samanthalee@example.com,555-012-3456,2020 Pine Ave,Somewhere,NY,USA,67890
1011,Richard,Garcia,Ortega,richardgarcia@example.com,555-123-4567,2222 Cedar St,Anytown,CA,USA,12345
1012,Amanda,Rodriguez,Fuentes and Sons,amandarodriguez@example.com,555-234-5678,3333 Pine St,Somewhere,NY,USA,67890
1013,Jonathan,Martinez,Wagner Inc,jonathanmartinez@example.com,555-345-6789,4444 Elm St,Anytown,CA,USA,12345
1014,Samantha,Hernandez,Gilmore-Willis,samanthahernandez@example.com,555-456-7890,5555 Oak St,Somewhere,NY,USA,67890
1015,Brandon,Lopez,Bradford Inc,brandonlopez@example.com,555-567-8901,6666 Maple Ave,Anytown,CA,USA,12345
1016,Maria,Perez,Maria-Perez,mariaperez@example.com,555-678-9012,7777 Chestnut St,Somewhere,NY,USA,67890
1017,Kevin,Gonzalez,Kevin-Gonzalez,kevingonzalez@example.com,555-789-0123,8888 Cedar Ave,Anytown,CA,USA,12345
1018,Lauren,Flores,Lauren-Flores,laurenflores@example.com,555-890-1234,9999 Pine St,Somewhere,NY,USA,67890
1019,Samuel,Lewis,Samuel-Lewis,samuellewis@example.com,555-901-2345,1010 Elm St,Anytown,CA,USA,12345
1020,Ashley,Lee,Ashley-Lee,ashleylee@example.com,555-012-3456,1111 Oak Ave,Somewhere,NY,USA,67890
1021,Ryan,Wright,Ryan-Wright,ryanwright@example.com,555-123-4567,2222 Cedar St,Anytown,CA,USA,12345
1022,Elizabeth,King,Elizabeth-King,elizabethking@example.com,555-234-5678,3333 Pine St,Somewhere,NY,USA,67890
1023,Michael,Scott,Michael-Scott,michaelscott@example.com,555-345-6789,4444 Elm St,Anytown,CA,USA,12345
1024,Rachel,Green,Rachel-Green,rachelgreen@example.com,555-456-7890,5555 Oak St,Somewhere,NY,USA,67890
1025,Matthew,Perry,Matthew-Perry,matthewperry@example.com,555-567-8901,6666 Maple Ave,Anytown,CA,USA,12345
1026,Jennifer,Aniston,Jennifer-Aniston,jenniferaniston@example.com,555-678-9012,7777 Chestnut St,Somewhere,NY,USA,67890
1027,David,Schwimmer,David-Schwimmer,davidschwimmer@example.com,555-789-0123,8888 Cedar Ave,Anytown,CA,USA,12345
1028,Lisa,Kudrow,Lisa-Kudrow,lisakudrow@example.com,555-890-1234,9999 Pine St,Somewhere,NY,USA,67890
1029,Courteney,Cox,Courteney-Cox,courteneycox@example.com,555-901-2345,1010 Elm St,Anytown,CA,USA,12345
1030,Matthew,LeBlanc,Matthew-LeBlanc,matthewleblanc@example.com,555-012-3456,1111 Oak Ave,Somewhere,NY,USA,67890
1031,Sophia,Lee,Sophia-Lee,sophialee@example.com,555-123-4567,2222 Cedar St,Anytown,CA,USA,12345
1032,Ethan,Brown,Ethan-Brown,ethanbrown@example.com,555-234-5678,3333 Pine St,Somewhere,NY,USA,67890
1033,Madison,Davis,Madison-Davis,madisondavis@example.com,555-345-6789,4444 Elm St,Anytown,CA,USA,12345
1034,William,Hernandez,William-Hernandez,williamhernandez@example.com,555-456-7890,5555 Oak St,Somewhere,NY,USA,67890
1035,Isabella,Wilson,Isabella-Wilson,isabellawilson@example.com,555-567-8901,6666 Maple Ave,Anytown,CA,USA,12345
1036,James,Anderson,James-Anderson,jamesanderson@example.com,555-678-9012,7777 Chestnut St,Somewhere,NY,USA,67890
1037,Olivia,Taylor,Olivia-Taylor,oliviataylor@example.com,555-789-0123,8888 Cedar Ave,Anytown,CA,USA,12345
1038,Alexander,Thomas,Alexander-Thomas,alexanderthomas@example.com,555-890-1234,9999 Pine St,Somewhere,NY,USA,67890
1039,Emily,Jackson,Emily-Jackson,emilyjackson@example.com,555-901-2345,1010 Elm St,Anytown,CA,USA,12345
1040,Daniel,White,Daniel-White,danielwhite@example.com,555-012-3456,1111 Oak Ave,Somewhere,NY,USA,67890
1041,Chloe,Garcia,Chloe-Garcia,chloegarcia@example.com,555-123-4567,1212 Cedar St,Anytown,CA,USA,12345
1042,Samuel,Martinez,Samuel-Martinez,samuelmartinez@example.com,555-234-5678,2323 Pine St,Somewhere,NY,USA,67890
1043,Addison,Robinson,Addison-Robinson,addisonrobinson@example.com,555-345-6789,3434 Elm St,Anytown,CA,USA,12345
1044,Christopher,Clark,Christopher-Clark,christopherclark@example.com,555-456-7890,4545 Oak St,Somewhere,NY,USA,67890
1045,Natalie,Rodriguez,Natalie-Rodriguez,natalierodriguez@example.com,555-567-8901,5656 Maple Ave,Anytown,CA,USA,12345
1046,Benjamin,Lewis,Benjamin-Lewis,benjaminlewis@example.com,555-678-9012,6767 Chestnut St,Somewhere,NY,USA,67890
1047,Ellie,Lee,Ellie-Lee,ellielee@example.com,555-789-0123,7878 Cedar Ave,Anytown,CA,USA,12345
1048,David,Walker,David-Walker,davidwalker@example.com,555-890-1234,8989 Pine St,Somewhere,NY,USA,67890
1049,Elizabeth,Perez,Elizabeth-Perez,elizabethperez@example.com,555-901-2345,9090 Elm St,Anytown,CA,USA,12345
1050,Ryan,Hall,Ryan-Hall,ryanhall@example.com,555-012-3456,1010 Oak Ave,Somewhere,NY,USA,67890
